ID PUMS Occupation,PUMS Occupation,Average Wage (2014),Average Wage (2015),Average Wage (2016),Average Wage (2017),Average Wage (2018)
"111021","General & operations managers",75222.33885180099,76644.4101699089,78945.52593636226,81231.49462004923,81993.68268397363
"1110XX","Chief executives & legislators",131371.49956940403,138108.7773837611,141122.91524450865,147268.8892955622,147563.5896480264
"112011","Advertising & promotions managers",63575.04016421264,64860.12368864385,69602.41464711692,74523.58717892904,70385.75030419794
"112021","Marketing managers",,,,,84553.35115257063
"112022","Sales managers",,,,,106611.87331214701
"112030","Public relations and fundraising managers",,,,,74606.32962434617
"113012","Administrative services managers",,,,,65180.529337833956
"113013","Facilities managers",,,,,63234.3637466893
"113021","Computer & information systems managers",97860.05190342157,100098.884215512,103560.75360740027,103888.57796141504,106683.09528805509
"113031","Financial managers",85429.50275084261,89224.88319043563,91516.47724722623,94470.78940475495,99323.10892765404
"113051","Industrial production managers",76436.81229066603,73600.26086013812,75363.9247310255,79592.80734280006,81245.32512023122
"113061","Purchasing managers",72253.61217453828,70466.65467678991,73337.37450035782,75965.94387763807,77759.47801409541
"113071","Transportation, storage, & distribution managers",51712.75831987076,51941.72656156673,55301.28362874614,54224.72970426161,55072.09245998168
"113111","Compensation & benefits managers",82599.10295996592,73471.13477272727,73691.00572272476,72303.54319838685,92316.07634205557
"113121","Human resources managers",68288.16764801583,70938.10090675842,71321.48436669032,73957.14976468802,76947.73564869937
"113131","Training & development managers",64519.11887818586,65031.66075149903,65813.49463422304,65247.59773378254,70116.0165718563
"119013","Farmers, ranchers, & other agricultural managers",18615.943516759813,19382.07423571287,21236.101966521168,23603.63028121159,21252.144126614123
"119021","Construction managers",57467.89651217123,59456.77246942748,61729.6245324715,62180.73008230736,67899.79066544579
"119030","Education administrators",59057.52754793256,59340.31453032728,61143.71417025837,63712.68751530574,64419.02852602772
"119041","Architectural & engineering managers",128217.3528066856,130907.59004541075,133057.38904106428,136008.64871377984,140732.95551132763
"119051","Food service managers",34698.8272477185,34796.88044229258,36197.85044793228,38541.492029329755,37639.79599651765
"119070","Entertainment and recreation managers",,,,,49636.583476051834
"119081","Lodging managers",41789.51866404715,41388.594249032714,44577.295681579424,46507.492245087924,48776.94917392611
"119111","Medical & health services managers",73106.5751790838,73398.55817128677,76092.50783300136,74458.19408075185,75945.96025874224
"119121","Natural sciences managers",81124.3964038017,86888.04369155939,87930.21092037228,93935.66784662966,83959.11203713472
"119141","Property, real estate, & community association managers",47675.657059834164,49141.07278862546,51548.208515172206,51516.52931323507,53362.17899750008
"119151","Social & community service managers",50785.4686455161,51286.114899524684,53858.63788974993,55536.70844633011,57514.855751586634
"119161","Emergency management directors",52957.96463100226,55294.075405829986,66601.99662243667,64114.248432002445,70625.58872911645
"1191XX","Other managers",,,,,81551.87862464933
"131011","Agents & business managers of artists, performers, & athletes",46197.42183489965,53090.601660659886,53331.91984392816,49250.01714795254,60772.18884009811
"131021","Buyers & purchasing agents, farm products",51513.57663487738,39003.71076495539,52860.133258573966,52326.59082910672,49284.85777891943
"131022","Wholesale & retail buyers, except farm products",33377.950860626246,33000.15979954795,34408.013999735704,35256.9491755666,34923.43160778387
"131023","Purchasing agents, except wholesale, retail, & farm products",50958.27205165323,50280.22700701844,50590.97289846467,52411.28001418861,56123.482254242284
"131030","Claims adjusters, appraisers, examiners, & investigators",46941.992317224285,48840.31107089441,50860.68982057734,51112.680252224425,54438.227902134866
"131041","Compliance officers",65745.62134653627,65416.17603800852,69019.34108347459,70969.61354502047,70432.89760721374
"131051","Cost estimators",55876.253859200464,55187.54731421028,59305.796919847766,59007.37522447348,65098.33941346118
"131070","Human resources workers",54664.814286235436,55444.477404421705,57335.36515070265,58966.79363883012,61282.71916251651
"131081","Logisticians",49852.880815870194,49099.320498402325,52193.1401159047,52464.44586646856,52983.16042209235
"131082","Project management specialists",,,,,85846.81864248517
"131111","Management analysts",67359.20914599448,68357.86377529526,72633.24695210629,73583.1103702129,74494.96977030285
"131121","Meeting, convention, & event planners",32579.766259859614,33452.38584850833,35871.04611539691,41505.63919513753,39161.94288697069
"131131","Fundraisers",47953.44107159494,46168.01125797475,49954.95923739426,53840.68882056872,63516.10861365953
"131141","Compensation, benefits, & job analysis specialists",46037.98039604675,49056.5812366167,54041.28890354334,56444.74761794434,57744.589727174236
"131151","Training & development specialists",47410.056800406695,50536.813824699464,51015.12956291294,53076.08776990108,56901.11919717684
"131161","Market research analysts & marketing specialists",64519.77173871755,65447.349735069285,69722.14310372328,67994.58555712886,70467.65961155378
"131199","Business operations specialists, all other",56356.48052611006,62187.11506691914,59296.890385677245,60907.76558938742,61464.10217418406
"132011","Accountants & auditors",58354.13601983119,59229.25250429307,62168.85321231423,63918.17167997503,67584.51131936749
"132020","Property appraisers and assessors",,,,,48461.502698798846
"132031","Budget analysts",67228.83501247804,70142.4859580903,65458.73836188737,73530.24378246933,71956.31321430986
"132041","Credit analysts",62011.93566939032,63906.175573739056,60138.42067315261,57908.00900676286,81065.51996406777
"132051","Financial analysts",92531.94827276921,95395.1604428392,99166.97067355097,102508.21060689764,108402.89685211665
"132052","Personal financial advisors",103601.28707933948,103958.54223207482,111919.08254696708,112008.96033071734,122318.00829204658
"132053","Insurance underwriters",63012.18716599456,62354.505256320816,65022.18666208044,67796.38931375809,70138.43584178697
"132061","Financial examiners",87831.83237635391,86994.7738410135,79592.849448149,82029.10480375275,85817.35406984464
"132070","Credit counselors & loan officers",62629.45024066569,64758.38880641544,67116.71192996133,70804.8937385223,73939.82082795765
"132081","Tax examiners & collectors, & revenue agents",47486.42037518443,45805.042979563186,48047.7780574785,49036.088596662754,46712.86260306696
"132082","Tax preparers",27672.52142099562,28291.862576860818,30134.126721901976,29660.231458464736,32142.123823077964
"1320XX","Other financial specialists",,,,,98080.72862112064
"151211","Computer systems analysts",,,,,77237.25612018259
"151212","Information security analysts",,,,,99255.28312032485
"151221","Computer and information research scientists",,,,,94807.30005530169
"151230","Computer support specialists",,,,,55567.94486305866
"151241","Computer network architects",,,,,95432.99220300168
"151244","Network and computer systems administrators",,,,,70080.64245976007
"15124X","Database administrators and architects",,,,,79421.41349617914
"151251","Computer programmers",,,,,77866.92885289535
"151252","Software developers",,,,,105223.46968687045
"151253","Software quality assurance analysts and testers",,,,,67147.49640006834
"151254","Web developers",,,,,50938.46175184039
"151255","Web and digital interface designers",,,,,38712.05936631088
"151299","Computer occupations, all other",,,,,66101.74828543983
"152011","Actuaries",118774.09348391145,114364.54905635562,142064.67542213883,138209.9050522648,140021.04362170087
"152031","Operations research analysts",69940.28425120898,72573.75020728643,71739.0468616705,74247.05742733163,74661.66134692084
"1520XX","Miscellaneous mathematical science occupations, including mathematicians & statisticians",73074.31411594366,80377.00852719737,77724.74133500908,77950.62474832323,79857.2359153013
"171011","Architects, except landscape and naval",,,,,77911.62260282584
"171012","Landscape architects",,,,,52836.31464534281
"171020","Surveyors, cartographers, & photogrammetrists",47393.4386980257,46051.07323754393,50563.355241666475,54311.379221776806,49725.53949043212
"172011","Aerospace engineers",88182.42189959639,91498.8810652723,95748.8164192068,94435.08921754519,95947.27700832803
"172041","Chemical engineers",92330.39762734874,99244.59288357377,96454.61133147443,97350.46481389727,92904.13973775969
"172051","Civil engineers",74295.8196373762,75935.0004205355,79401.90209504268,78857.55425354744,81540.99757232209
"172061","Computer hardware engineers",86421.09036195787,88282.24677031247,89533.22123573111,92106.06635267792,100163.6409248512
"172070","Electrical & electronics engineers",82529.5949346059,86376.13120825343,85186.8987718864,90490.71496576333,89048.63706363979
"172081","Environmental engineers",72919.01201108715,70349.6918348411,73700.73442079072,72024.72297277235,70886.94268505926
"1720XX","Biomedical & agricultural engineers",81276.00038635611,75222.40802599327,77510.10706489383,80305.84788907284,78369.45873308733
"172110","Industrial engineers, including health & safety",70612.02232452451,69498.97649219142,74427.05198233326,73447.43471005917,76063.06172777127
"172121","Marine engineers & naval architects",70363.64670543875,74979.61135131425,80378.43860329776,82474.05256807093,76941.5125369967
"172131","Materials engineers",73543.60280521875,75580.53066766943,73303.23968384814,78418.28502780522,76487.7288673888
"172141","Mechanical engineers",72620.69191590324,77236.66062476876,78957.90716648725,80328.21645309123,79772.24291949141
"1721XX","Petroleum, mining & geological engineers, including mining safety engineers",122054.4502745168,123842.34458425592,128942.96448473936,121894.59653354142,111654.46197122405
"1721YY","Miscellaneous engineers, including nuclear engineers",81987.74585041683,85558.8346885559,87132.69435443649,87750.02665072466,89355.49507616581
"173011","Architectural and civil drafters",,,,,47426.37505773672
"17301X","Other drafters",,,,,46485.453612793
"173023","Electrical and electronic engineering technologists and technicians",,,,,53540.34918912635
"17302X","Other engineering technologists and technicians, except drafters",,,,,50386.275107003865
"173031","Surveying & mapping technicians",40356.44869233359,38810.64733229216,39333.5973321698,41647.473264429034,40129.60018074531
"191010","Agricultural & food scientists",58904.09997378964,51510.84914656623,58747.14321548422,57515.37030650095,58674.33700064494
"191020","Biological scientists",57067.30324749212,56504.36176776554,55202.97204616504,62604.707316302345,65553.96296217392
"191030","Conservation scientists & foresters",45793.614246862926,50517.28728643001,49256.35008052795,45761.34333185645,55344.17394416607
"1910XX","Medical scientists, & life scientists, all other",75888.9750948416,79951.13392717973,79392.81491797816,82564.82404487813,81996.94631351225
"192010","Astronomers & physicists",80037.54551050243,85187.94425027704,81753.34403404992,97161.28713190803,77180.85137366761
"192021","Atmospheric & space scientists",76180.97962496956,67011.10217486498,71631.65730577335,82445.77420718817,61814.31199424564
"192030","Chemists & materials scientists",68449.54762951794,70555.68121352601,70495.58697865797,68382.3450884749,79390.79994473103
"192041","Environmental scientists and specialists, including health",,,,,65728.77726596073
"19204X","Geoscientists and hydrologists, except geographers",,,,,87151.5303347076
"192099","Other Physical Scientists",69045.2190346263,71392.06977672738,72833.97183763316,78876.20376399184,75547.58950374777
"193011","Economists",100586.49923691216,114815.48538128805,110763.57024738722,129260.54048564586,115722.147098694
"193033","Clinical and counseling psychologists",,,,,51778.568506249576
"193034","School psychologists",,,,,62474.844013314316
"19303X","Other psychologists",,,,,53563.49249437002
"193051","Urban & regional planners",64204.44600335583,58892.859711414974,65829.20619984376,59748.527900552486,67768.66528242722
"1930XX","Miscellaneous social scientists, including survey researchers & sociologists",42754.47410752275,43396.25113655497,47171.475613287555,50161.09410485904,56629.89842761953
"194010","Agricultural and food science technicians",,,,,42315.662960484886
"194021","Biological technicians",36840.133005260475,45586.694071029146,42494.37783976218,42420.597233160974,42237.91653374233
"194031","Chemical technicians",43333.467827711764,46184.93339923247,45966.6654320386,46315.65969600039,47056.59190538452
"1940XX","Geological & petroleum technicians, & nuclear technicians",58772.760376314334,61781.92556945781,67645.45234572615,64415.146549264195,56020.70271934325
"1940YY","Miscellaneous life, physical, & social science technicians, including social science research assistants",30059.184299902317,28131.68297804157,30249.450482530836,33245.731515825275,30362.816196920303
"195010","Occupational health and safety specialists and technicians",,,,,57535.97015304272
"211011","Substance abuse and behavioral disorder counselors",,,,,37571.745777227094
"211012","Educational, guidance, and career counselors and advisors",,,,,42271.27930216287
"211013","Marriage and family therapists",,,,,26915.136379490756
"211014","Mental health counselors",,,,,35007.97858918456
"211015","Rehabilitation counselors",,,,,46693.60908408921
"211019","Counselors, all other",,,,,29336.140976319868
"211021","Child, family, and school social workers",,,,,40268.08144283756
"211022","Healthcare social workers",,,,,40489.77443785951
"211023","Mental health and substance abuse social workers",,,,,39950.28906343686
"211029","Social workers, all other",,,,,42459.290731701134
"211092","Probation officers & correctional treatment specialists",44981.676034018776,44509.37424322518,45638.61199568077,46158.65588660926,50103.980200019134
"211093","Social & human service assistants",28156.19207213793,29943.69203808991,30487.471299943725,30066.397512611566,34104.547488358694
"21109X","Miscellaneous community & social service specialists, including health educators & community health workers",33208.70212212798,35333.01418097127,36644.82175312627,35860.38883865828,38879.66378547111
"212011","Clergy",35798.937109301005,35053.049667060564,37660.92098741245,38182.24240235332,39406.083993236636
"212021","Directors, religious activities & education",30171.49882428881,33043.78183964994,33515.67332022722,34520.67769647521,34828.68519315436
"212099","Religious workers, all other",22095.479830269276,21196.074307410756,20695.087731976353,22535.05818025547,22397.294637791732
"231012","Judicial law clerks",41524.292103565094,46117.45766573296,37209.105777015764,54277.105985293514,47212.156757191064
"2310XX","Lawyers, & judges, magistrates, & other judicial workers",118350.07906614851,119831.73518835368,124676.47449738938,126870.37407893669,132250.72168375773
"232011","Paralegals & legal assistants",41070.83683675586,41858.05888365451,40565.00080676357,44008.47009303556,44297.8113126843
"232093","Title examiners, abstractors, and searchers",,,,,48875.86334200142
"232099","Legal support workers, all other",,,,,51851.69868932738
"251000","Postsecondary teachers",47297.99070483494,48348.22189083011,48446.6447486884,50119.147945541146,56115.79275977609
"252010","Preschool & kindergarten teachers",18462.794698583868,19211.3350398705,19897.374628290047,20614.259913693593,20458.870261649186
"252020","Elementary & middle school teachers",38930.48369972565,39136.469022008096,40486.32020341559,41446.07786579497,42495.22595096953
"252030","Secondary school teachers",42574.124842419165,43232.003795262135,43792.17785436084,45153.99807281824,47736.56346846089
"252050","Special education teachers",37721.05544446409,38670.163862470195,39894.93564413347,40509.80850061887,40459.866292413
"253041","Tutors",,,,,7886.36983348715
"2530XX","Other teachers and instructors",,,,,27488.374420101758
"254010","Archivists, curators, & museum technicians",36054.586737846745,36720.49675992594,36716.8640159423,38186.29769087955,42851.06709165478
"254022","Librarians and media collections specialists",,,,,38743.72834992776
"254031","Library technicians",11829.75042605567,15306.353151064406,13534.281598402951,15429.89246850625,13851.995335699552
"259040","Teaching assistants",,,,,17811.086020843995
"2590XX","Other education, training, & library workers",37244.80397526055,37485.04047984416,36637.841112920316,37486.314783627895,39471.424578034836
"271010","Artists & related workers",24623.606022864653,26434.789787091468,24607.040905553848,25735.33871981712,27498.675091833247
"271021","Commercial and industrial designers",,,,,64670.474974791454
"271022","Fashion designers",,,,,42376.83793625729
"271023","Floral designers",,,,,19378.37092044049
"271024","Graphic designers",,,,,38353.11703256923
"271025","Interior designers",,,,,36057.52256948615
"271026","Merchandise displayers and window trimmers",,,,,21568.25270854459
"27102X","Other designers",,,,,53254.28081265958
"272011","Actors",21791.506356224956,23392.229709187868,27387.22885390385,22883.38918937822,23278.843102325638
"272012","Producers & directors",61987.7507719453,63618.95895613413,64821.253791279385,64043.45037603316,70816.3037620952
"272021","Athletes and sports competitors",,,,,46411.686201250996
"272022","Coaches and scouts",,,,,23108.58017214645
"272023","Umpires, referees, and other sports officials",,,,,6318.698676389224
"272030","Dancers & choreographers",13928.876832046792,21144.881561908558,16876.106155313064,18940.955724157582,17538.80529706514
"272041","Music directors and composers",,,,,34240.47854996907
"272042","Musicians and singers",,,,,16029.08324698749
"272091","Disc jockeys, except radio",,,,,13987.332464362971
"272099","Entertainers & performers, sports & related workers, all other",21546.996403487938,17556.97152371891,19636.947429357675,19567.697160586686,26172.14898181253
"273011","Broadcast announcers and radio disc jockeys",,,,,47494.13361466179
"273023","News analysts, reporters, and journalists",,,,,55210.178798093686
"273031","Public relations specialists",62756.379830815466,61659.944484615284,67636.6851925291,68522.97323823039,68406.59815668203
"273041","Editors",40665.2081159813,42375.39810671713,40657.73448719417,42139.17582272186,44473.701346514084
"273042","Technical writers",55239.83719697973,54447.752383451414,58567.37515642057,54266.8376228813,60787.67783106536
"273043","Writers & authors",35058.18711063147,34883.22368023181,32958.22145269152,35092.12025021906,38738.878136211984
"273091","Interpreters and translators",,,,,24839.232647500077
"273092","Court reporters and simultaneous captioners",,,,,41302.23245893465
"273099","Media and communication workers, all other",,,,,45738.47699453552
"274021","Photographers",17867.309082424053,16890.531487972425,18269.73642210986,20098.512366811083,20259.302591451244
"274030","Television, video, & motion picture camera operators & editors",34698.895988847915,35410.86572883578,35878.20001747423,43316.76615769464,41437.44186744457
"2740XX","Broadcast & sound engineering technicians & radio operators, & media & communication equipment workers, all other",39501.96784301795,39267.14653041678,40406.64858104707,44059.87767090811,41779.85706780551
"291011","Chiropractors",60565.65293865974,55890.834910870566,61311.292089153234,55224.826076754995,61550.20740041031
"291020","Dentists",118432.57754666329,124798.4034127298,126264.84210751356,129369.82899276304,139497.27145033178
"291031","Dietitians & nutritionists",37098.53551286723,38562.1405031538,37969.97348205579,39580.81674792784,42101.48452699588
"291041","Optometrists",83451.9057218288,85579.53790432114,89913.75025287799,90655.91968123417,103711.29929273762
"291051","Pharmacists",86737.14038582808,86754.1046568278,88846.40553598534,88813.64466204439,91660.8239589354
"291071","Physician assistants",81785.2978475056,85129.46053895596,90072.83629494275,90169.05072859509,108718.83290374688
"291081","Podiatrists",117869.95848569585,116414.0474608448,104805.79481357553,97723.65352966652,123941.61028061893
"291122","Occupational therapists",54285.9798455453,53456.96390439266,55310.36702902341,55246.414812033676,57237.97310261218
"291123","Physical therapists",60340.42451793426,60648.659095972325,63147.80986880607,63534.324353487034,66419.230758063
"291124","Radiation therapists",67782.58337531486,64659.39726837662,73503.28406338661,74876.38656961049,72542.29253326444
"291125","Recreational therapists",34104.06412305234,33072.17979913448,32057.3215,32836.568066817046,33120.39588147343
"291126","Respiratory therapists",51495.20150017568,50230.24488085155,49187.579767917676,53531.12032227721,50740.42323252238
"291127","Speechlanguage pathologists",48742.976398177474,47631.27736830951,50437.03440829764,51503.137670876364,52345.915083922264
"29112X","Other therapists, including exercise physiologists",35571.13653319931,35309.15859855136,37929.339044704735,37561.652081319335,37738.502605617796
"291131","Veterinarians",77279.08599849496,83285.8484096179,86476.6141286051,83179.31224598386,92792.35149747021
"291141","Registered nurses",53085.16176482929,53816.752865303504,55188.176788065015,56518.92837807183,57965.054439241154
"291151","Nurse anesthetists",135348.41965762907,142643.37423312882,131390.92024767146,134828.89140727874,146149.58867711673
"291181","Audiologists",63577.22788236001,59241.584094852515,61589.627443724945,63537.00311115301,61741.208654893235
"2911XX","Nurse practitioners & nurse midwives",83530.17641894757,85420.34472844792,84557.73135199804,89156.94756410505,91025.56851006475
"291210","Physicians",,,,,206831.79290917714
"291240","Surgeons",,,,,282720.32402206364
"291291","Acupuncturists",,,,,32554.318695048587
"291292","Dental hygienists",,,,,45805.26850247612
"291299","Healthcare diagnosing or treating practitioners, all other",,,,,37306.6950723478
"292010","Clinical laboratory technologists & technicians",39413.561417224846,39492.91453151057,40840.14307345998,40735.435952301814,42128.363228132956
"292031","Cardiovascular technologists and technicians",,,,,76805.666221549
"292032","Diagnostic medical sonographers",,,,,73862.48732493505
"292034","Radiologic technologists and technicians",,,,,56736.64149052558
"292035","Magnetic resonance imaging technologists",,,,,100650.60025262598
"29203X","Nuclear medicine technologists and medical dosimetrists",,,,,132946.1370184876
"292042","Emergency medical technicians",,,,,32942.22322574207
"292043","Paramedics",,,,,52015.679790635775
"292052","Pharmacy technicians",,,,,26957.903027151304
"292053","Psychiatric technicians",,,,,28564.153121289757
"292055","Surgical technologists",,,,,43286.84426099381
"292056","Veterinary technologists and technicians",,,,,26028.87830357999
"29205X","Dietetic technicians and ophthalmic medical technicians",,,,,23782.078309031614
"292061","Licensed practical & licensed vocational nurses",29425.502310438784,30474.83817701717,30711.999195881675,33287.88324021911,32994.25565043298
"292072","Medical records specialists",,,,,36712.267680268946
"292081","Opticians, dispensing",32695.90782372803,33567.773578875276,34878.68235921585,34882.602486995034,33195.008013058316
"292090","Miscellaneous health technologists & technicians",40088.353003167955,39957.649505463065,40495.43826063988,42199.513291578085,41419.115999853806
"299000","Other healthcare practitioners & technical Occupations",50265.25339583871,50337.072538382534,52891.75689276486,51529.27985362324,48202.51100677681
"311121","Home health aides",,,,,17849.767202998682
"311122","Personal care aides",,,,,17215.14524964851
"311131","Nursing assistants",,,,,22241.871595290642
"31113X","Orderlies and psychiatric aides",,,,,25306.18528302336
"312010","Occupational therapy assistants & aides",33063.09886110635,34567.07864178746,38882.97678703022,33861.77884236776,31348.984092398427
"312020","Physical therapist assistants & aides",30292.03864180601,30523.614516996822,33153.316213881975,33464.09080419984,30574.670453661194
"319011","Massage therapists",14418.712230634828,14409.388410245452,15506.653531449894,15640.851927805916,16450.784790436286
"319091","Dental assistants",23296.976928540334,25033.26775786089,25310.791265476542,27698.023172262543,28101.053423249657
"319092","Medical assistants",24667.773952134583,24413.651291349368,25897.083092816807,26856.66723529988,27418.82771805797
"319094","Medical transcriptionists",17194.28335030926,17078.69910403979,16025.870707839136,17301.09816143128,14752.755835719687
"319095","Pharmacy aides",26880.343469777483,25249.672692533804,22543.8645423976,26424.432368840666,33140.71319517823
"319096","Veterinary assistants & laboratory animal caretakers",19333.024028779455,18052.993885508808,19863.980498828256,24149.074318128227,22142.87200660611
"319097","Phlebotomists",23435.774254535805,24004.30977216863,25275.116726419757,27276.139698663388,27936.686373846293
"31909X","Healthcare support workers, all other, including medical equipment preparers",20704.77536292254,22512.12659139076,23765.052684519578,24097.308021395987,29569.74028086957
"331011","Firstline supervisors of correctional officers",48017.66561000308,48919.161280911365,49218.7488760898,50258.008458903074,50857.04546695575
"331012","Firstline supervisors of police & detectives",68039.76797961367,70413.49775039859,71704.35284286065,75031.02083904998,77108.27537760396
"331021","Firstline supervisors of fire fighting & prevention workers",73428.65839179709,73385.50927742779,82122.95236565472,83648.41018408073,82596.95961230692
"331090","Miscellaneous first-line supervisors, protective service workers",,,,,56702.29217997607
"332011","Firefighters",57543.537768287155,59327.74772292868,62032.75496210085,60821.531622073526,64025.0109857456
"332020","Fire inspectors",48320.585829190415,44627.463253716385,50311.243886534074,54351.49588438342,55254.89663503624
"333011","Bailiffs",,,,,46785.268200864215
"333012","Correctional officers and jailers",,,,,44429.20154510544
"333021","Detectives & criminal investigators",68379.1099136259,67469.63197606348,68909.61376054742,69721.62910497222,72940.8918490566
"333050","Police officers",57136.59413960051,58720.68281974104,60333.4149043462,60848.76470514,63153.73859602878
"3330XX","Miscellaneous law enforcement workers",36098.83653953696,32366.316406729708,35106.381755081806,28601.932840356563,33590.65987758548
"339011","Animal control workers",30870.42244943989,36331.54814416353,27591.086899791233,31693.542805100184,33195.45508758852
"339021","Private detectives & investigators",47690.802986508075,46812.93032712265,49437.47863402199,51686.661939072896,51125.10622093533
"339030","Security guards & gaming surveillance officers",24611.946226120912,25000.326094948094,25712.34037144182,26905.07562005098,28537.171444350566
"339091","Crossing guards",11765.108830577523,13748.70809573086,12333.720636306778,14042.148866932346,17001.906115993363
"339093","Transportation security screeners",37699.279844252385,39254.138923589424,38590.77150981289,39764.80316228846,39189.056139427325
"339094","School bus monitors",,,,,12474.380950476838
"33909X","Lifeguards & other recreational, & all other protective service workers",6087.078048235179,6435.772817856909,6473.350624313879,6364.963425065191,6891.289162864447
"351011","Chefs & head cooks",26824.18205207862,27183.982698195818,28484.469895535494,30104.151778206266,31796.72316703489
"351012","Firstline supervisors of food preparation & serving workers",20706.71904676773,22839.948723837522,22667.837730496853,24520.111961727656,25127.718732663503
"352010","Cooks",13041.498996710427,13383.123381898173,14101.496913364768,14685.060611803143,15304.109313044613
"352021","Food preparation workers",9862.422462058415,10417.402945105965,10755.101062766029,11106.807054662731,11919.058114752559
"353011","Bartenders",18616.901733658804,19424.385435055086,21293.72532625234,21521.289457816383,22916.20853844646
"353023","Fast food and counter workers",,,,,9869.71326107109
"353031","Waiters & waitresses",12123.922459490366,12762.623595781477,13525.89055630161,14198.116085397178,14629.723896537975
"353041","Food servers, nonrestaurant",14715.844732125242,13263.18935181075,15018.256181937028,15188.557285123206,15934.246343361796
"359011","Dining room and cafeteria attendants and bartender helpers",,,,,10311.274709741876
"359021","Dishwashers",8329.841737418481,8664.993900500795,9150.337510337944,9541.471976592358,9685.443283508168
"359031","Hosts & hostesses, restaurant, lounge, & coffee shop",6689.6747818738495,6753.511376596015,7256.300418698222,7655.4418291660395,8076.133433901879
"359099","Food preparation and serving related workers, all other",,,,,15950.87537316969
"371011","Firstline supervisors of housekeeping & janitorial workers",27809.55642569689,28826.428665730593,29408.394968040662,33323.04360032224,32535.82596673539
"371012","Firstline supervisors of landscaping, lawn service, & groundskeeping workers",27578.476908523102,29579.318199734636,30354.276686518122,30980.90048260942,33389.24605206782
"372012","Maids & housekeeping cleaners",10468.821794416732,10789.226965058466,11342.886521714168,12186.600504145983,12582.607412070489
"37201X","Janitors & building cleaners",17430.282317023903,17591.140930873476,18652.332888911234,19289.456449719375,20215.988488309733
"372021","Pest control workers",27526.833516044306,27451.668773834474,31742.108202212527,30544.647927853097,31848.162021966946
"373011","Landscaping and groundskeeping workers",,,,,15733.041414996618
"373013","Tree trimmers and pruners",,,,,25424.244343659517
"37301X","Other grounds maintenance workers",,,,,21836.047912243455
"391000","Supervisors of personal care and service workers",,,,,30029.72070930067
"392011","Animal trainers",17469.096264257827,16767.351067407948,16977.601995986333,22026.239706807708,20426.85141994559
"392021","Nonfarm animal caretakers",12055.206398806944,12505.653712151028,13118.09133383572,12939.14904215801,13583.372572781547
"393010","Gaming services workers",27437.06134763661,28559.9573246081,26949.871630118203,29693.653487755008,30909.031616709184
"393031","Ushers, lobby attendants, & ticket takers",6143.944069571673,6360.731691493227,8643.77065948856,6088.708465242653,7000.253258108573
"3930XX","Other entertainment attendants and related workers",,,,,11197.370373278201
"394031","Morticians, undertakers, & funeral directors",44484.104767649784,48360.17496037274,45216.79853232487,44039.9178061736,45494.22254155841
"3940XX","Embalmers & funeral attendants",15899.500969091094,18963.701607205934,20336.312379920193,17117.788997933883,18385.161162866567
"395011","Barbers",12740.732684488645,10643.223713410123,11774.177731435022,12666.189699551931,15512.69396153873
"395012","Hairdressers, hairstylists, & cosmetologists",12762.191913853409,13384.946538686323,14268.987466794477,14152.094061260765,15686.728772202241
"395092","Manicurists and pedicurists",,,,,16111.591951102404
"395094","Skincare specialists",,,,,20858.655397823222
"39509X","Other personal appearance workers",,,,,17008.09332525742
"396010","Baggage porters, bellhops, & concierges",22509.218630918112,24906.823302064902,25028.904069438686,27405.67200056895,27815.61830153399
"397010","Tour & travel guides",10841.635256440783,12886.896633419414,12383.828380804658,10916.232474263257,13134.270536077285
"399011","Childcare workers",7473.023439818122,7875.130767723964,8593.188020463956,8433.19605605936,9311.075767442262
"399031","Exercise trainers and group fitness instructors",,,,,18557.758449173725
"399032","Recreation workers",,,,,14309.727258727167
"399041","Residential advisors",12657.903493271713,12888.58521854077,12802.21208173528,13811.684769835998,14692.532611314193
"399099","Personal care & service workers, all other ",10240.85966745016,13376.973979700406,13551.35826437922,14518.563739342117,15993.936051212377
"411011","Firstline supervisors of retail sales workers",37525.108057058096,38558.41030752646,40267.29620954457,41371.26585692303,42897.343269942096
"411012","Firstline supervisors of nonretail sales workers",65829.640789001,68420.92283782322,71635.86385944558,74076.15485747415,73595.35377807944
"412010","Cashiers",9811.85436648762,10107.893901554871,10695.674748488063,11089.192046449021,11361.52994847503
"412021","Counter & rental clerks",19387.57830308486,20092.647103345545,20654.086340512124,21745.951386806595,24655.79286712656
"412022","Parts salespersons",32575.7030351739,29705.32554202201,31222.56985770692,31252.800794301205,33708.761511678276
"412031","Retail salespersons",20140.100801633267,20583.556389479672,21652.52845000152,22583.755809475217,23580.638075993258
"413011","Advertising sales agents",51610.50616463775,57605.81303423152,62817.338864584905,59663.66525748845,64077.22142198694
"413021","Insurance sales agents",50543.95877776365,50525.92701517343,54547.29332275309,56943.8063974828,56878.411866065246
"413031","Securities, commodities, & financial services sales agents",104075.54628667969,111502.98306917067,117160.10448859735,122439.08588339417,128085.88718450387
"413041","Travel agents",28908.975183475828,26827.851009532387,29677.33407175536,28890.170107892678,33135.872398983454
"413091","Sales representatives of services, except advertising, insurance, financial services, and travel",,,,,75405.68465396445
"414010","Sales representatives, wholesale & manufacturing",63673.512058350214,65857.12985749857,68256.52237430096,70966.74266213515,71076.52822078587
"419010","Models, demonstrators, & product promoters",10109.040890246564,12727.77468503977,11327.84752711338,12634.916871335763,14128.009697961746
"419020","Real estate brokers & sales agents",38930.016754561475,40893.04486970881,42762.28571689503,46107.68820152174,45788.16464860897
"419031","Sales engineers",98526.52458497189,100025.44452036794,115937.88348381256,113412.15859543193,114302.37259621057
"419041","Telemarketers",11853.499043371736,14158.621627931656,14009.318130600002,17878.987602344365,16602.927234296243
"419091","Doortodoor sales workers, news & street vendors, & related workers",9971.222089072544,11088.198053365282,12097.780924231174,12282.295904018509,15014.579809905379
"419099","Other Sales Workers",43214.321362405586,43523.18551273559,45126.49344355932,50625.62379484489,49811.006994059426
"431011","Firstline supervisors of office & administrative support workers",45172.81286764776,45315.12639245428,48000.37829149236,48822.88646197348,51474.93370277033
"432011","Switchboard operators, including answering service",19025.390196408396,20578.03682630381,21360.138442419222,25238.463052208834,24814.48653198653
"432021","Telephone operators",21545.960426286496,19214.154686546673,22574.464566774604,25416.581492125104,23567.28128890988
"432099","Communications equipment operators, all other",37807.468128613735,37912.64440484676,36190.194379213695,34117.636024130996,35284.3301988079
"433011","Bill & account collectors",26685.253030148593,27575.252992753893,29303.09005283965,31396.19166762309,32015.80007969609
"433021","Billing & posting clerks",28141.546583163214,29359.959135517212,30498.33065195766,30644.962885362685,32111.353407208382
"433031","Bookkeeping, accounting, & auditing clerks",27939.86996509502,28105.426575643203,28845.497335007898,30895.11274539152,31819.447904985824
"433051","Payroll & timekeeping clerks",33274.1284544918,34254.93579147805,34676.650701003266,37424.87914279279,38881.890813360274
"433061","Procurement clerks",49010.27628710816,48548.551488950354,52325.48565044152,59188.3478061057,60116.66424229266
"433071","Tellers",18926.838612649295,19599.710143411663,19333.41533359921,20309.826869573622,21044.30963575109
"4330XX","Other financial clerks",,,,,76459.69278730197
"434031","Court, municipal, & license clerks",29660.041326142342,31446.723294444204,33178.13318753937,32575.95363155698,34251.09261849092
"434041","Credit authorizers, checkers, & clerks",37353.45406721871,37978.24241252983,49391.68569121692,46280.69288820924,50966.25932024892
"434051","Customer service representatives",24318.19704270653,24692.385832560452,26090.139960007407,26496.92330961479,27884.848604958963
"434061","Eligibility interviewers, government programs",36840.35998746741,35534.34781774256,39414.40254208243,39806.25608526244,38881.758038448934
"434071","File clerks",18539.707196163483,19232.269088697438,18955.08192208496,20621.12715243395,21819.53147247697
"434081","Hotel, motel, & resort desk clerks",15672.935096922782,16522.91368788143,16888.488642094755,18668.256952841595,19269.40600610614
"434111","Interviewers, except eligibility & loan",17869.731469642556,20520.590319204333,23190.171018781897,24590.741281068575,24347.806867113257
"434121","Library assistants, clerical",13003.209842911665,12898.973266791018,14240.3857650247,14634.5641268168,13859.510676542597
"434131","Loan interviewers & clerks",38190.483716684925,37053.62823722312,39752.97871912867,45496.46341446502,45799.35143531926
"434141","New accounts clerks",35280.01405890195,41834.41847618006,35792.866088631985,45522.989180666555,45576.3970793935
"434161","Human resources assistants, except payroll & timekeeping",32253.518047528894,30638.76458802905,35168.61528007748,36520.816273738346,37992.32648727408
"434171","Receptionists & information clerks",17166.214713575657,17734.686884431798,18428.196895085573,18761.921306561824,19541.172381165226
"434181","Reservation & transportation ticket agents & travel clerks",29470.20049312641,29930.197406451116,35767.737174838694,34173.917494868074,39251.59386154625
"434XXX","Correspondence clerks & order clerks",23070.025278315585,24825.336117668423,26712.16468739866,25720.435668708746,26984.21232017397
"434YYY","Other information and records clerks",,,,,27589.80015808264
"435011","Cargo & freight agents",34778.70152106719,33843.75252791878,36465.62939012585,36899.342128379474,38814.796321134316
"435021","Couriers & messengers",25826.37704458562,25932.60706545685,24817.15468793406,24460.598202353965,26208.612460472315
"435031","Public safety telecommunicators",,,,,39323.02896738144
"435032","Dispatchers, except police, fire, and ambulance",,,,,35634.46485871115
"435041","Meter readers, utilities",30277.305616740086,33819.91195296435,34469.97323853407,33891.186842201765,35470.187222964894
"435051","Postal service clerks",37463.955934892016,39342.84958426743,38584.93746877545,38937.932638353326,40779.20914840321
"435052","Postal service mail carriers",40291.223754895786,40148.37467546955,41800.205012620805,40948.130963257885,41326.14809422975
"435053","Postal service mail sorters, processors, & processing machine operators",34368.84024826983,35141.13051950234,37936.63593152409,37304.28052648272,36905.257359247225
"435061","Production, planning, & expediting clerks",40213.878010884015,40668.753727909425,45486.466096424956,43699.0249434274,46822.00463330877
"435071","Shipping, receiving, & traffic clerks",24751.276922185807,24649.844002101036,25430.0403706487,25678.158212526898,27770.122364561186
"435111","Weighers, measurers, checkers, & samplers, recordkeeping",27302.464746291505,29588.814488821903,30659.382736973002,30846.36342721367,33170.42113873802
"436011","Executive secretaries and executive administrative assistants",,,,,51300.14741045749
"436012","Legal secretaries and administrative assistants",,,,,39372.70157108286
"436013","Medical secretaries and administrative assistants",,,,,29478.17755637593
"436014","Secretaries and administrative assistants, except legal, medical, and executive",,,,,27755.489638861174
"439021","Data entry keyers",21606.09418872425,22168.512408445,22996.209879788195,23754.29907384508,25072.17616907963
"439022","Word processors & typists",21845.7393350429,23122.794974839682,23106.996079375942,24472.27464810012,24805.881365056608
"439041","Insurance claims & policy processing clerks",32683.58946156354,33366.47706955416,34970.38235300634,37161.89423561264,40074.88062485708
"439051","Mail clerks & mail machine operators, except postal service",19476.359419851942,18811.88166135881,19403.450869290118,23426.70068094443,20649.290093235133
"439061","Office clerks, general",22821.51040625186,23332.600431631174,23888.588524042265,25463.40153450967,25708.452811023322
"439071","Office machine operators, except computer",18356.38352357548,19105.622316890334,20883.535789473684,19433.176086307303,20894.752276633404
"439081","Proofreaders & copy markers",19614.821222535902,17624.940206066218,21110.699162271176,23402.486630376265,23433.491456582633
"439111","Statistical assistants",34156.07411907655,40638.706699278664,38929.405795797145,43962.23313099561,45299.760374222606
"439XXX","Miscellaneous office & administrative support workers, including desktop publishers",31180.46172007616,32153.572135892256,33369.59613054232,34307.72961005778,34833.78800070796
"451011","Firstline supervisors of farming, fishing, & forestry workers",36142.81612544878,33474.83170941497,37719.36510028809,36176.37969847474,38573.60289524972
"452011","Agricultural inspectors",37626.0760347657,35424.30646133611,39073.92283378747,35736.04923767753,35221.6062014625
"452041","Graders & sorters, agricultural products",12297.622533658607,13872.127682974831,13486.086997736118,16782.44638678449,17467.36623740074
"4520XX","Miscellaneous agricultural workers, including animal breeders",15379.582180929128,16006.446254170933,16325.024309466871,16885.59237205611,18648.35158520343
"453031","Fishing and hunting workers",,,,,17481.699832633127
"454011","Forest & conservation workers",18206.350078429794,23150.742472179794,33388.56441075258,22179.994821072294,27884.009652586654
"454020","Logging workers",19567.178621659634,19490.99740425943,20345.26763773769,23302.88944174757,20360.101435951317
"471011","Firstline supervisors of construction trades & extraction workers",50059.84587899407,52850.27794616375,51618.44743201764,53761.80910286441,55532.87949848988
"472011","Boilermakers",38953.178368453264,49177.23959892927,43768.3480429605,47371.659402744146,51263.2036809816
"472031","Carpenters",21890.729992422996,23485.153665659545,25123.611454130423,26106.60559374988,27861.69783764069
"472040","Carpet, floor, & tile installers & finishers",19456.439519515316,21804.544030523535,21416.419118526494,24216.02411552269,23852.23213459048
"472050","Cement masons, concrete finishers, & terrazzo workers",25125.638559257037,28126.96012407657,29327.09718581532,31320.64341215128,31738.20299310242
"472061","Construction laborers",21213.249648262015,22129.999510012032,22782.03712027206,24154.925623289153,24993.55277741962
"472070","Construction equipment operators",,,,,42864.48789076856
"472080","Drywall installers, ceiling tile installers, & tapers",21722.840600004358,22126.88529808131,21642.034567388153,24455.3169795269,25525.805237297347
"472111","Electricians",40288.129650572846,43061.09673671302,43608.262713581775,44361.98920413641,47961.349916098065
"472121","Glaziers",30102.818990421165,31678.531370635897,34607.22566892374,39813.35539604055,36511.87632615944
"472130","Insulation workers",34729.099768753724,32197.559935034067,33847.57036346691,34165.99810635338,34115.52858506779
"472140","Painters & paperhangers",17867.818125510796,18279.55069833463,19586.45904791827,20379.759698130816,21658.384314440686
"472151","Pipelayers",,,,,42543.59074856914
"472152","Plumbers, pipefitters, and steamfitters",,,,,42818.8588668122
"472161","Plasterers & stucco masons",22892.12593464983,24753.298150136667,27941.940061396777,29082.14688831459,25688.444011243086
"472181","Roofers",19494.72573662502,20715.655327558223,22525.479768593697,24460.676725771733,24895.54407474161
"472211","Sheet metal workers",32843.85875504871,35169.86600525015,34777.88318351542,37661.71593099079,39378.72163864815
"472221","Structural iron & steel workers",36711.39464298801,39126.28815017065,41967.968393584524,45663.329544531945,45328.36408666894
"472231","Solar photovoltaic installers",,,,,30602.10639374425
"472XXX","Brickmasons, blockmasons, stonemasons, & reinforcing iron & rebar workers",23050.781647495587,25251.18273002444,26931.108341241325,28140.053285838905,30557.571983798203
"473010","Helpers, construction trades",19684.578447755324,19998.733867147508,18415.2968307608,18764.597654953082,18883.98043202033
"474011","Construction & building inspectors",40534.16737464987,41140.5012114418,43818.23431404844,46334.61870503597,43528.51058221568
"474021","Elevator installers & repairers",77681.17521453608,69832.92802734739,74823.62590239677,81648.08808898985,78993.51349393226
"474031","Fence erectors",20808.487058004765,18131.325747273895,22424.01378077004,18614.228760203958,24142.892926528937
"474041","Hazardous materials removal workers",34115.44932102934,34259.3518768566,32567.802451402855,36178.96082255303,36120.68584413848
"474051","Highway maintenance workers",31561.728129893403,33136.09149046959,31943.210950517594,34070.053493173604,35420.01580807634
"474061","Railtrack laying & maintenance equipment operators",43671.91989893472,47464.89208514383,44600.013064576335,46217.0147368421,47075.4348218313
"4740XX","Other construction and related workers",,,,,33783.57118618442
"475020","Surface mining machine operators and earth drillers",,,,,46333.96708760852
"475032","Explosives workers, ordnance handling experts, and blasters",,,,,39414.55618064516
"475040","Mining machine operators",54053.85543538718,57202.786291262135,54029.12039989106,55457.791265647604,55725.612583988746
"4750XX","Miscellaneous extraction workers, including roof bolters & helpers",47821.2269174492,49289.763844044755,41806.201343722765,43392.66418135586,50124.4575925761
"4750YY","Derrick, rotary drill, & service unit operators, & roustabouts, oil, gas, & mining",63395.67051642438,66033.48184445282,50792.65289386532,51696.933463469046,58978.55513193322
"491011","Firstline supervisors of mechanics, installers, & repairers",54354.319484551306,52475.45096508071,54315.98747493472,56416.82340565207,59724.400717669196
"492011","Computer, automated teller, & office machine repairers",32046.334402803557,34237.41908244067,34593.697688853674,35280.205043186375,34761.171100227104
"492020","Radio & telecommunications equipment installers & repairers",43454.72959874357,42523.91859067998,42469.59131812072,45194.29779096823,47880.816140548195
"492091","Avionics technicians",46228.62332309367,39319.32691155919,39208.24966302232,43336.92941462821,45845.245207563574
"492092","Electric motor, power tool, & related repairers",40235.587631876755,39077.25306577481,39851.08365504045,43780.052032922395,44918.6036741669
"492097","Electronic home entertainment equipment installers & repairers",30394.36809676419,32834.191279659295,31550.314184268027,36133.514537705196,35669.66931878883
"492098","Security & fire alarm systems installers",37421.462160494855,38069.241737917655,37659.226260257914,41358.95355369336,40981.286068261135
"49209X","Electrical & electronics repairers, transportation equipment, & industrial & utility",45691.921790745306,44618.057589434975,50182.402937249666,48421.33198805838,40568.0696125908
"493011","Aircraft mechanics & service technicians",45845.94930106189,47319.02972821973,50157.713232906026,50914.78888108235,54629.595179372736
"493021","Automotive body & related repairers",29138.0252653498,31794.68589657684,31913.044697522637,34114.718469578336,36090.86950308701
"493022","Automotive glass installers & repairers",23768.16781733899,26641.781344498722,24534.714131428096,32518.613247288697,27849.493465657855
"493023","Automotive service technicians & mechanics",28450.19805360347,29403.547624098002,29884.60926901703,31236.930644276355,32700.962293170953
"493031","Bus & truck mechanics & diesel engine specialists",36997.03138327572,37203.06323227656,38354.64021758203,39913.442487867396,42561.776809170515
"493040","Heavy vehicle & mobile equipment service technicians & mechanics",42857.292150548776,43549.29916631039,44525.73486755117,47760.2562536185,45031.43219698005
"493050","Small engine mechanics",22980.770746064125,22258.321162114316,24833.694910519425,24189.602158573463,22033.406554490313
"493090","Miscellaneous vehicle & mobile equipment mechanics, installers, & repairers",19894.784673579463,23847.03529328579,22337.412413805992,23442.839565200033,23637.992832394153
"499010","Control & valve installers & repairers",46791.806826687956,49119.71816257936,45737.053702882484,49652.714429207794,54831.718857860054
"499021","Heating, air conditioning, & refrigeration mechanics & installers",34805.352738535206,36589.21113665484,37442.582866284276,40537.821893358334,41834.64623642304
"499031","Home appliance repairers",23883.59130209793,28335.127120856174,28326.16785602783,28841.395920411425,28733.029980677733
"499043","Maintenance workers, machinery",40476.02136775461,45323.31502014867,42066.806263742794,42576.211891409635,43192.72521662099
"499044","Millwrights",48295.10515628641,48579.509895227005,52570.61717961183,49649.79634561905,52704.12226024904
"49904X","Industrial & refractory machinery mechanics",41660.71520678296,43117.131919805615,43639.945526464,46158.1000729514,46361.2582963049
"499051","Electrical powerline installers & repairers",60733.36603884358,64152.520326419486,62022.61322052709,68504.17053240503,72089.13452309306
"499052","Telecommunications line installers & repairers",40980.26876305649,42753.168177173946,42883.11500883007,44350.73137483356,46191.24771508047
"499060","Precision instrument & equipment repairers",37403.91555503833,38489.4764895978,38557.96609951681,42437.86860592051,42140.12146468856
"499071","Maintenance & repair workers, general",36188.277313013255,36075.87976938514,38156.86776178708,39254.860862530004,41418.94885261465
"499091","Coin, vending, & amusement machine servicers & repairers",25268.306368110447,23964.65512882839,26166.65476649942,30053.791645177927,32225.587555717273
"499094","Locksmiths & safe repairers",31556.858431529192,29776.42709941599,32605.01257861635,30490.546878997186,35088.986791048745
"499096","Riggers",33007.877872340425,43777.382327886626,42172.654335690364,41384.69208890065,42569.26232340058
"499098","Helpersinstallation, maintenance, & repair workers ",16506.501191561976,18015.56397087505,19559.75366270404,18969.815836782473,17728.77447153495
"4990XX","Miscellaneous installation, maintenance, & repair workers, including wind turbine service technicians",29913.93519432049,31237.48989624202,31093.403440040165,32538.343619454008,31377.703591623747
"511011","Firstline supervisors of production & operating workers",49865.07851199321,51496.274001136146,52000.839384672356,54089.66478611511,56309.380641356576
"512020","Electrical, electronics, & electromechanical assemblers",23358.31959932076,26700.47865136503,25704.20208528803,27034.50069645553,28291.43925667828
"512031","Engine & other machine assemblers",29211.56264258555,33804.57929927788,35852.96446186068,35123.636503067486,40322.247361379515
"512041","Structural metal fabricators & fitters",33672.0067081246,32905.87892596938,37050.194819089615,40226.08490287923,37854.13884259713
"5120XX","Other assemblers and fabricators",,,,,28336.09847510464
"513011","Bakers",16817.17048497371,17626.67715181346,17576.46347926611,18910.871504713155,19283.26554103458
"513020","Butchers & other meat, poultry, & fish processing workers",22554.470797707814,23367.916005486102,24402.254535863103,24522.141085973137,26032.003004006445
"513091","Food & tobacco roasting, baking, & drying machine operators & tenders",23062.85043754972,25950.68278631285,23139.309581922684,24388.7943735934,30000.154605263157
"513092","Food batchmakers",19889.67922171768,19207.672680368774,23023.337169997005,22674.477794384013,22714.559410281705
"513093","Food cooking machine operators & tenders",16081.349869451697,14838.417259211377,16944.368158894216,18701.01291849848,17196.257007330747
"513099","Food processing workers, all other",26318.657217873897,27270.071640012542,27954.85006471469,28240.588040259114,30094.411436158538
"514020","Forming machine setters, operators, and tenders, metal and plastic",,,,,40886.19620623137
"514031","Cutting, punching, and press machine setters, operators, and tenders, metal and plastic",,,,,30391.796103354867
"514033","Grinding, lapping, polishing, and buffing machine tool setters, operators, and tenders, metal and plastic",,,,,29674.267250882865
"51403X","Other machine tool setters, operators, and tenders, metal and plastic",,,,,32167.691268423405
"514041","Machinists",39384.31923844268,39645.17441499024,40738.329403161275,41058.60716949035,41972.555296875165
"514050","Metal furnace operators, tenders, pourers, & casters",37409.38040602989,38366.67849090636,37135.00424328147,36646.99831063246,43421.88358040606
"5140XX","Model makers, patternmakers, & molding machine setters, metal & plastic",30536.407233926766,31574.470120595568,31142.341499345264,35185.03591160221,33208.15561439865
"514111","Tool & die makers",44807.83405427784,44176.44357317248,48890.73615729963,48166.72486514491,49367.10022465931
"514120","Welding, soldering, & brazing workers",33432.959095937586,34580.68007391866,34765.75666112749,36463.063394962344,38513.75980005706
"514XXX","Miscellaneous metal workers & plastic workers, including multiple machine tool setters",29592.970685664746,30175.388542774945,31273.834751943803,32437.411422286015,33730.36264920311
"515111","Prepress technicians & workers",31513.39309278826,25172.3834726091,26101.502345200995,27869.791549064204,31620.717738885258
"515112","Printing press operators",27645.09256897275,28549.047658525757,29139.544758350243,30499.49328431041,31112.5881429459
"515113","Print binding & finishing workers",20298.378586371786,23193.714342171446,26013.32030186812,24132.819290943018,29432.047223189416
"516011","Laundry & drycleaning workers",15388.722967217416,15571.066208840972,17210.588685240564,16405.635105281326,16155.151842684892
"516021","Pressers, textile, garment, & related materials",15431.640824561118,14164.774957056025,14995.201119642925,18355.67320389619,19378.78469526282
"516031","Sewing machine operators",16411.178607574082,15863.541080436647,17889.692433617383,17339.526843493844,19193.092221124723
"516040","Shoe & leather workers",16733.65775972638,15275.324648098233,16806.09202195019,27545.3162382204,17425.628341477437
"516050","Tailors, dressmakers, & sewers",15452.302118228614,15155.23838625801,15078.852117553928,16917.023854093146,17440.32133861889
"516060","Textile machine setters, operators, and tenders",,,,,22026.42293617813
"516093","Upholsterers",17942.896623278626,19301.377153640664,22457.944875653415,21059.06445417531,22006.009828405702
"51609X","Miscellaneous textile, apparel, & furnishings workers except upholsterers",24673.909218915007,23904.33185652211,23068.359180476546,26359.664042101827,29136.427428492945
"517011","Cabinetmakers & bench carpenters",23416.1973474242,21811.92226230653,24302.136700268915,24644.39461327868,26434.85324718448
"517021","Furniture finishers",20272.15127388535,18194.701963993455,19439.22933539015,17360.807663626456,19972.627694406547
"517041","Sawing machine setters, operators, & tenders, wood",20390.224855019937,20273.750174427765,23659.218925995454,24352.941804591563,23847.179577183884
"517042","Woodworking machine setters, operators, & tenders, except sawing",19539.062174624425,19404.758423674186,29480.197206141456,24667.400868256136,23802.20209028241
"5170XX","Miscellaneous woodworkers, including model makers & patternmakers",20992.70480321191,20752.428595674523,19381.04747028703,19994.50958574936,24286.40007122326
"518010","Power plant operators, distributors, & dispatchers",70217.20017021893,78350.53667946771,75775.05697172308,79680.21726608345,81238.81892801155
"518021","Stationary engineers & boiler operators",51405.08541706231,51618.450980562906,51988.911227931916,52093.2920146325,57166.40680366663
"518031","Water & wastewater treatment plant & system operators",42170.6095723251,44587.59708428433,43220.13454262297,44894.53528168947,45861.533544229416
"518090","Miscellaneous plant & system operators",56920.742804238245,56642.17793316348,57797.90000411252,64685.58457528688,64243.60165192887
"519010","Chemical processing machine setters, operators, & tenders",46112.86542522263,44479.65191838021,48864.527926355055,45413.991022540926,46828.62639914105
"519020","Crushing, grinding, polishing, mixing, & blending workers",31115.613378457274,33847.06629615657,32696.70874297081,36071.1543300569,38145.171971749754
"519030","Cutting workers",20441.81904030363,21491.20046957032,21911.130356866986,22404.0831863809,25475.23900293255
"519041","Extruding, forming, pressing, & compacting machine setters, operators, & tenders",28064.507481724966,30136.47063563393,30247.51371451621,30394.390700615924,30979.957980235547
"519051","Furnace, kiln, oven, drier, & kettle operators & tenders",36529.21095290252,32332.594828615787,35055.17396502765,34764.78726391912,37343.63645074741
"519061","Inspectors, testers, sorters, samplers, & weighers",33613.17958043756,34544.485536451866,34774.274946578495,35655.73691460055,37501.39082662101
"519071","Jewelers & precious stone & metal workers",22039.840819259793,23354.894100976955,18895.481286710914,22086.46564153167,23371.070815025927
"519080","Medical, dental, & ophthalmic laboratory technicians",29465.792695932058,28841.886057510404,30414.033071433874,34601.53713737913,32287.35879305663
"519111","Packaging & filling machine operators & tenders",19222.776983337477,19949.594484803223,21690.654054833736,22187.076024898404,22831.58776637727
"519120","Painting workers",29391.975765648986,29492.57965371956,33130.25534794119,33936.611597134426,34287.379915219564
"519151","Photographic process workers & processing machine operators",24125.504515389184,26816.654332776317,29689.677926285945,36555.60445697555,41106.227771830556
"519160","Computer numerically controlled tool operators and programmers",,,,,43462.63214328742
"519191","Adhesive bonding machine operators & tenders",22741.20879019626,24263.670627552914,24766.151010701546,26721.371923831215,29275.306714923765
"519194","Etchers & engravers",22483.290850444497,21941.448023886227,23918.929306523118,23593.888603130283,20994.93822597677
"519195","Molders, shapers, & casters, except metal & plastic",22372.731745006688,27790.766808171928,25127.86704212268,30172.340337204565,30732.15843700899
"519196","Paper goods machine setters, operators, & tenders",27930.78718060712,28886.456031756712,32845.32005374146,32904.52779999305,30313.924162696436
"519197","Tire builders",41198.38896383375,39024.79694439509,39974.503891509434,41058.979040168146,37860.24505905395
"519198","Helpersproduction workers",16407.226794841605,18007.517730596177,16311.446975491846,16184.226746718945,20143.176719972165
"5191XX","Miscellaneous production workers, including semiconductor processors",27089.90577216109,28578.615319294946,29245.414648436985,30671.384958470124,31909.206752332768
"531000","Supervisors of transportation & material moving workers",43937.31731703272,44863.52427303071,45827.2808638433,48243.57954413804,47475.97378414225
"532010","Aircraft pilots & flight engineers",103958.36332013238,107173.85427190005,110285.05718537416,124472.99252985371,128325.57360971063
"532020","Air traffic controllers & airfield operations specialists",72654.98363342059,74546.25977451689,70733.28042112486,79283.69261801097,69134.84321554394
"532031","Flight attendants",36124.73653084573,39035.065278912734,40955.59603324581,43508.128620689655,46891.309392561285
"533011","Ambulance drivers & attendants, except emergency medical technicians",21945.999208312718,21959.348882582475,27033.80651016457,21535.590818087676,25398.0552955665
"533030","Driver/sales workers & truck drivers",30663.348695404173,31878.26537028759,32962.92570429866,33542.65274093727,34856.05425975023
"533051","Bus drivers, school",,,,,19863.52543073626
"533052","Bus drivers, transit and intercity",,,,,31058.899701309867
"533053","Shuttle drivers and chauffeurs",,,,,20707.831104655925
"533054","Taxi drivers",,,,,15216.587330334216
"533099","Motor vehicle operators, all other",13268.438794175752,11984.372880049337,15488.17447610721,17726.419435179658,18588.12135445112
"534010","Locomotive engineers & operators",69397.17225664032,70748.03889235813,70956.83438042564,66027.04886658302,69443.49935299964
"534031","Railroad conductors & yardmasters",57160.15681833212,55542.2203482128,60890.609963853,62539.768680289104,64667.5100204567
"5340XX","Subway, streetcar, & other rail transportation workers",45329.3275261324,44698.67706511571,51717.60106087021,50218.80511130756,46574.12095859331
"535020","Ship & boat captains & operators",55493.02821533376,59405.14987755918,55972.18189696678,58688.85719007051,64123.83621117572
"5350XX","Sailors & marine oilers, & ship engineers",35093.502020180196,42170.8226372889,39564.745812323206,41276.66954860516,43008.61176881091
"536021","Parking lot attendants",15453.90528099591,16380.307346393987,15386.355805925547,16810.848773434787,16541.92193061992
"536030","Transportation service attendants",,,,,21263.76517167313
"536051","Transportation inspectors",48715.00253423919,47282.03194161762,48811.45721468272,49953.3969087349,53160.06936620906
"536061","Transportation attendants, except flight attendants",22384.577966234174,19823.080172491645,18882.892576897342,21997.77213907243,24966.799402687906
"5360XX","Miscellaneous transportation workers, including bridge & lock tenders & traffic technicians",32973.29026707295,36279.05047468354,33518.02879838402,37312.24120326736,40877.101512156296
"537021","Crane & tower operators",48610.5267860557,54598.4748246744,52182.66908673021,50019.577371554384,55405.0080902622
"537051","Industrial truck & tractor operators",26221.975777072963,27043.3643324258,28650.94362593571,29173.717535161846,30213.867205829185
"537061","Cleaners of vehicles & equipment",15921.5733334636,15419.076306502104,16418.99258024861,16952.740202656827,17716.25996996296
"537062","Laborers & freight, stock, & material movers, hand",18942.3222114883,19611.34291001061,20224.702964143973,20924.577041753157,22082.812176526342
"537063","Machine feeders & offbearers",20780.026519910418,17708.064048692286,22457.850392086515,21639.02755039394,22374.14006741573
"537064","Packers & packagers, hand",14136.4243329556,15322.422994028044,15583.23018768833,16764.960524347476,17676.092460421492
"537065","Stockers and order fillers",,,,,18440.95980045285
"537070","Pumping station operators",47259.28918569582,46468.42675951993,46871.06388015405,50576.90486051418,45965.19671822664
"537081","Refuse & recyclable material collectors",19724.125425472368,20294.09460079648,23058.345746480532,22625.35303996795,25246.74422206517
"5370XX","Conveyor operators & tenders, & hoist & winch operators",33846.199135205505,36854.311679336555,34992.87693372214,31603.722100785726,39411.482942046954
"5371XX","Miscellaneous material moving workers, including mine shuttle car operators, & tank car, truck, & ship loaders",30907.672424603425,30637.432971451548,31043.979061525144,30769.63664825046,35020.16846580919
"551010","Military officer special & tactical operations leaders",51492.829205901166,58705.290972420255,54959.10398033066,55727.50978043912,60353.07798709779
"552010","Firstline enlisted military supervisors",51232.64304317889,51659.415554234445,54342.102979390234,55230.760887823664,57329.4220333777
"553010","Military enlisted tactical operations & air/weapons specialists & crew members",24150.20495409503,24336.394521889702,27022.53457365966,26541.926947477474,26961.67599210154
"559830","Military, rank not specified",39699.11135582413,40807.94673372682,42200.485750209555,43759.880826876906,45738.669377702245
"112020","Marketing & sales managers",85635.96235101503,87053.11671675241,89510.94704334656,90980.6682640437,
"112031","Public relations & fundraising managers",75664.421413079,72613.53291212782,80956.03978906262,79365.7794109261,
"113011","Administrative services managers (Legacy)",62089.226727745394,59260.9983623829,60778.2946140871,61351.23243142193,
"119071","Gaming managers",40402.9564701897,46044.33878569448,50733.05525653054,51349.75899748907,
"119XXX","Miscellaneous managers",73775.37370771795,75475.59719085923,77735.37525393162,80164.45112409556,
"132021","Appraisers & assessors of real estate",36889.31367424572,38523.36045154483,44658.40602977897,45857.8106401979,
"132099","Other financial specialists (Legacy)",78150.28373330466,79586.42062604355,79170.63157376727,90072.58119955585,
"151111","Computer & information research scientists",88480.6909741165,73422.90605546124,89614.27219687664,87690.37647262048,
"151121","Computer systems analysts (Legacy)",72289.6604968596,71377.41892850037,72974.9984944697,75550.11034658429,
"151122","Information security analysts (Legacy)",81806.200594423,84904.89710583998,88443.94398246144,88384.65401511853,
"151131","Computer programmers (Legacy)",68896.50844026679,70667.0507061242,73565.28027465042,74834.71201554956,
"151134","Web developers (Legacy)",46433.2868792764,45176.81805271273,46636.90119831905,47376.48665391109,
"15113X","Software developers, applications & systems software",90436.03420351261,90696.86340291896,96878.0802471133,100525.61682257934,
"151141","Database administrators",66938.71099693856,70293.9638013246,70555.1087375817,76124.92997675986,
"151142","Network & computer systems administrators",62940.079103880744,63350.00397350422,67597.0728650184,68661.3349005579,
"151143","Computer network architects (Legacy)",88125.24678065004,90757.759845872,93964.99578212824,95127.84827120812,
"151150","Computer support specialists (Legacy)",47323.806622439835,52719.194471523966,53194.65892552483,54641.39173096645,
"151199","Other Computer Occupations",63356.25428826535,64118.35036655705,64166.749875,68986.98099225957,
"171010","Architects, except naval",64723.623495006075,70813.9733968922,66725.99532151631,75180.22789674287,
"173010","Drafters",40535.30036639762,41169.102962585144,43035.31340698958,44836.19379371931,
"173020","Engineering technicians, except drafters",46000.50660314611,47013.77859603957,46819.58674880618,48696.23960131715,
"192040","Environmental scientists & geoscientists",82484.25108746067,83582.30265524934,76514.53686593997,72979.06519059469,
"193030","Psychologists",46141.78981913721,47871.044851945684,49593.57491397243,49912.38701220632,
"194011","Agricultural & food science technicians",35701.87934831369,40958.066817466126,33628.13280702574,38550.81499879113,
"211010","Counselors",32684.40239311417,33993.01715522523,34079.79460116308,35986.999607267346,
"211020","Social workers",37460.100965580656,37592.659353073665,39228.20004794559,40361.86015110396,
"232090","Miscellaneous legal support workers",43183.19053779967,43963.088940999725,43772.34675895847,44538.78803942475,
"253000","Other teachers & instructors",21446.588110869434,20164.657500823603,21470.19548021512,23374.594254069878,
"254021","Librarians",34159.02512275349,34212.55526319447,36064.5599238429,35935.487498870105,
"259041","Teacher assistants",15677.887192615472,16292.837007310412,16814.53259030049,16903.09102505733,
"271020","Designers",36835.13087575329,39160.188715044096,40131.027659438885,41521.99284479018,
"272020","Athletes, coaches, umpires, & related workers",21835.27215985264,22030.011641478584,22862.510874316347,22548.360991505484,
"272040","Musicians, singers, & related workers",18816.4083786868,18940.43050572557,19863.28725931298,18644.587083461895,
"273010","Announcers",29922.061509724565,33671.591015935286,37047.73081569575,38004.86373992691,
"273020","News analysts, reporters & correspondents",51661.48845815945,49774.79048278287,49067.80473172076,45811.5324501461,
"273090","Miscellaneous media & communication workers",22775.74758820496,25013.489528312602,26091.436648672738,28132.933569986,
"291060","Physicians & surgeons",184156.29603015477,192252.60904164275,201342.17565390965,206348.27381015895,
"291199","Health diagnosing & treating practitioners, all other",27759.69303676283,30974.36899442252,28331.215570857396,31644.651575766296,
"292021","Dental hygienists (Legacy)",43834.07931457487,44212.23218556433,44700.6847045288,46479.32575891899,
"292030","Diagnostic related technologists & technicians",47702.553133406764,48196.53247677861,49912.15296328981,51402.83243462658,
"292041","Emergency medical technicians & paramedics",40044.46936264597,38434.420599421355,39976.186057736704,40142.27333062613,
"292050","Health practitioner support technologists & technicians",38392.92976194248,27176.618672760087,28278.314822199933,27986.6654720024,
"292071","Medical records & health information technicians",31610.660734909732,33121.30451977931,34422.90673257982,36535.04635347036,
"311010","Nursing, psychiatric, & home health aides",18532.18044064861,18944.00411044665,19760.13261284864,20730.332877618926,
"331099","Firstline supervisors of protective service workers, all other",48536.849856665074,47451.5855004209,49078.31515385464,49270.32170338912,
"333010","Bailiffs, correctional officers, & jailers",40900.64903028408,41209.809979178695,42550.13513587087,43121.405126350546,
"353021","Combined food preparation & serving workers, including fast food",9707.598034111688,10031.594863919714,11373.361427103175,11005.828462869145,
"353022","Counter attendants, cafeteria, food concession, & coffee shop",5794.452581497219,6535.447223405258,6361.276347925307,7158.355367638772,
"3590XX","Miscellaneous food preparation & serving related workers, including dining room & cafeteria attendants & bartender helpers",9970.40599790518,9860.114220540023,9991.225694479399,10332.002624848019,
"373010","Grounds maintenance workers",13243.325021811668,13586.549286592348,14699.226318359119,15530.139527605324,
"391010","Firstline supervisors of gaming workers",36454.048305155324,35481.30121365453,39049.19003316535,38660.92222103729,
"391021","Firstline supervisors of personal service workers",27774.355020398223,27007.85683035532,25739.873353404473,30068.575897180614,
"393021","Motion picture projectionists",14291.788016932594,17411,26621.375929682217,21673.580190822355,
"393090","Miscellaneous entertainment attendants & related workers",9563.220494506857,9281.861164307707,10273.216300352342,11567.062269835013,
"395090","Miscellaneous personal appearance workers",13867.56432115399,14983.249772266936,15754.41429433369,16506.70051658374,
"399021","Personal care aides (Legacy)",12812.761017113213,13964.288546891621,14701.11731961544,15294.796462217237,
"399030","Recreation & fitness workers",13785.02699633665,13789.433291951136,14394.330871126336,14953.079943153414,
"413099","Sales representatives, services, all other",60071.8255654964,64380.121490478006,68617.44869976421,69706.08047577851,
"433041","Gaming cage workers",21593.27108057464,23063.011974694986,21352.41553296457,22599.726858877086,
"433099","Other financial clerks (Legacy)",58434.10165792366,60481.321961470116,68667.06019069896,73221.25945815444,
"434011","Brokerage clerks",40334.792415822165,40680.37164135514,44745.31663396052,45492.85866729903,
"434199","Information & record clerks, all other",25850.968366022244,24711.660448471186,25813.45352417609,26855.980925862325,
"435030","Dispatchers",33265.775364525776,33440.40183865365,34575.85609608724,35995.43373951988,
"435081","Stock clerks & order fillers",16222.579077235025,16948.85144103245,17544.682941630155,18004.061569617428,
"436010","Secretaries & administrative assistants",26244.64386608485,27255.9833744896,27748.14683352436,29011.438557552185,
"439011","Computer operators",33046.367747408454,34520.762546764825,36664.888711501364,34823.22713837959,
"453000","Fishing & hunting workers",15042.52573027129,14992.109728469646,21514.06103286385,21954.135991434858,
"472071","Paving, surfacing, & tamping equipment operators",28424.55397806358,24569.760615934414,31007.143001726497,34133.47732005892,
"47207X","Construction equipment operators except paving, surfacing, & tamping equipment operators",39048.78064119701,39876.2315161056,40725.462725722835,42574.36973974242,
"472150","Pipelayers, plumbers, pipefitters, & steamfitters",36588.69399906316,38287.28289305227,39784.90726902223,41072.659801822876,
"475021","Earth drillers, except oil & gas",46097.467780780076,49108.76888301144,42474.698683777555,45018.363460742374,
"475031","Explosives workers, ordnance handling experts, & blasters",39379.30414786912,38510.10229096746,48000.564360751494,34437.69263678281,
"47XXXX","Miscellaneous construction workers, including solar photovoltaic installers, septic tank servicers & sewer pipe cleaners",26521.093870372,26019.541023961458,30337.33172986135,29187.720836167526,
"492096","Electronic equipment installers & repairers, motor vehicles",37195.89472648563,44588.95089418778,29070.103341518094,30005.753579418346,
"512011","Aircraft structure, surfaces, rigging, & systems assemblers",37504.84965897547,36526.58437324339,39210.66316322654,45111.82074074074,
"512090","Miscellaneous assemblers & fabricators",23962.02717940125,25577.201658234753,25477.47380539894,26993.380958900234,
"514010","Computer control programmers & operators",39892.18837831925,39678.54154315157,40071.45200572396,41598.49648216347,
"514021","Extruding & drawing machine setters, operators, & tenders, metal & plastic",31640.096595351482,31393.489297595883,37332.96233082707,38060.52852249032,
"514022","Forging machine setters, operators, & tenders, metal & plastic",31322.612897016363,35104.93308108108,33869.0058630394,35007.81391910445,
"514023","Rolling machine setters, operators, & tenders, metal & plastic",36807.670948797946,40998.70910398685,33302.92990102606,36528.64067524116,
"514030","Machine tool cutting setters, operators, & tenders, metal & plastic",27167.99551755232,27936.129391417144,30765.637471079586,30147.74182026659,
"516063","Textile knitting & weaving machine setters, operators, & tenders",20831.590880568918,19498.30797366496,22342.598353476966,18190.007349605297,
"516064","Textile winding, twisting, & drawing out machine setters, operators, & tenders",20461.570969408254,19567.634140331425,21013.65414577709,22249.897758462947,
"51606X","Textile bleaching & dyeing, & cutting machine setters, operators, & tenders",19575.25171078115,20972.55621515963,20274.831259426846,17694.67962813258,
"533020","Bus drivers",21953.270642189327,22505.031897532077,23725.1366372351,24208.51722609203,
"533041","Taxi drivers & chauffeurs",17851.37963153077,17488.161415998497,16512.482043406544,17443.64924221604,
"536031","Automotive & watercraft service attendants-",16604.86510343579,15253.051906480465,18954.386676745264,18498.055071010862,
"537030","Dredge, excavating, & loading machine operators",30424.617173796996,29472.472461844725,31113.095095814704,35199.76236818931,